Kubitai, Tikslumas, TikslumasSvm
3, 55.43,90.75
4, 70.34296028880866,92.63537906137185
5, 79.72,93.92